,time,rssi,azimuth,elevation,anchor,tag
0,2022-09-18 05:52:12.000,-78.0,23.0,-0.6666666666666666,anchor-a@ch37,tag-a@-35
1,2022-09-18 05:52:12.500,-78.0,23.333333333333332,0.0,anchor-a@ch37,tag-a@-35
2,2022-09-18 05:52:13.000,-78.4,22.0,-0.6,anchor-a@ch37,tag-a@-35
3,2022-09-18 05:52:13.500,-78.0,22.0,-1.0,anchor-a@ch37,tag-a@-35
4,2022-09-18 05:52:14.000,-78.33333333333333,21.166666666666668,-0.5,anchor-a@ch37,tag-a@-35
5,2022-09-18 05:52:14.500,-78.0,21.0,-1.0,anchor-a@ch37,tag-a@-35
6,2022-09-18 05:52:15.000,-78.5,21.75,-1.0,anchor-a@ch37,tag-a@-35
7,2022-09-18 05:52:15.500,-78.6,22.8,-0.8,anchor-a@ch37,tag-a@-35
8,2022-09-18 05:52:16.000,-78.6,22.2,-0.8,anchor-a@ch37,tag-a@-35
9,2022-09-18 05:52:16.500,-78.75,22.0,-0.75,anchor-a@ch37,tag-a@-35
10,2022-09-18 05:52:17.000,-78.0,22.0,-0.3333333333333333,anchor-a@ch37,tag-a@-35
11,2022-09-18 05:52:17.500,-79.0,22.75,0.0,anchor-a@ch37,tag-a@-35
12,2022-09-18 05:52:18.000,-78.66666666666667,21.333333333333332,0.0,anchor-a@ch37,tag-a@-35
13,2022-09-18 05:52:18.500,-77.83333333333333,22.0,0.0,anchor-a@ch37,tag-a@-35
14,2022-09-18 05:52:19.000,-78.0,20.0,-1.0,anchor-a@ch37,tag-a@-35
15,2022-09-18 05:52:19.500,-78.0,20.0,-0.6666666666666666,anchor-a@ch37,tag-a@-35
16,2022-09-18 05:52:20.000,-78.0,21.875,-0.125,anchor-a@ch37,tag-a@-35
17,2022-09-18 05:52:20.500,-78.0,23.4,0.0,anchor-a@ch37,tag-a@-35
18,2022-09-18 05:52:21.000,-78.0,23.0,0.0,anchor-a@ch37,tag-a@-35
19,2022-09-18 05:52:21.500,-78.25,23.0,0.0,anchor-a@ch37,tag-a@-35
20,2022-09-18 05:52:22.000,-77.83333333333333,23.0,0.16666666666666666,anchor-a@ch37,tag-a@-35
21,2022-09-18 05:52:22.500,-77.4,23.0,0.0,anchor-a@ch37,tag-a@-35
22,2022-09-18 05:52:23.000,-78.0,23.0,-0.16666666666666666,anchor-a@ch37,tag-a@-35
23,2022-09-18 05:52:23.500,-78.0,23.0,0.0,anchor-a@ch37,tag-a@-35
24,2022-09-18 05:52:24.000,-78.2,23.0,0.0,anchor-a@ch37,tag-a@-35
25,2022-09-18 05:52:24.500,-78.33333333333333,23.0,-1.0,anchor-a@ch37,tag-a@-35
26,2022-09-18 05:52:25.000,-78.5,23.0,-0.5,anchor-a@ch37,tag-a@-35
27,2022-09-18 05:52:25.500,-78.0,22.333333333333332,0.0,anchor-a@ch37,tag-a@-35
28,2022-09-18 05:52:26.000,-78.0,22.625,0.0,anchor-a@ch37,tag-a@-35
29,2022-09-18 05:52:26.500,-78.33333333333333,21.666666666666668,0.0,anchor-a@ch37,tag-a@-35
30,2022-09-18 05:52:27.000,-78.0,22.0,0.0,anchor-a@ch37,tag-a@-35
31,2022-09-18 05:52:27.500,-78.33333333333333,22.0,0.16666666666666666,anchor-a@ch37,tag-a@-35
32,2022-09-18 05:52:28.000,-78.75,22.5,-0.25,anchor-a@ch37,tag-a@-35
33,2022-09-18 05:52:28.500,-79.0,22.0,-1.0,anchor-a@ch37,tag-a@-35
34,2022-09-18 05:52:29.000,-78.6,21.0,0.0,anchor-a@ch37,tag-a@-35
35,2022-09-18 05:52:29.500,-78.5,22.0,0.0,anchor-a@ch37,tag-a@-35
36,2022-09-18 05:52:30.000,-78.33333333333333,22.0,0.0,anchor-a@ch37,tag-a@-35
37,2022-09-18 05:52:30.500,-78.0,22.0,0.0,anchor-a@ch37,tag-a@-35
38,2022-09-18 05:52:31.000,-78.16666666666667,22.833333333333332,0.0,anchor-a@ch37,tag-a@-35
39,2022-09-18 05:52:31.500,-78.0,23.2,0.0,anchor-a@ch37,tag-a@-35
40,2022-09-18 05:52:32.000,-78.0909090909091,23.454545454545453,-0.18181818181818182,anchor-a@ch37,tag-a@-35
41,2022-09-18 05:52:32.500,-78.0,23.0,0.0,anchor-a@ch37,tag-a@-35
42,2022-09-18 05:52:33.000,-78.4,23.2,0.0,anchor-a@ch37,tag-a@-35
43,2022-09-18 05:52:33.500,-78.14285714285714,23.285714285714285,0.0,anchor-a@ch37,tag-a@-35
44,2022-09-18 05:52:34.000,-78.2,22.0,0.0,anchor-a@ch37,tag-a@-35
45,2022-09-18 05:52:34.500,-78.0,22.0,-0.2,anchor-a@ch37,tag-a@-35
46,2022-09-18 05:52:35.000,-78.4,22.0,-0.6,anchor-a@ch37,tag-a@-35
47,2022-09-18 05:52:35.500,-78.8,22.2,-0.4,anchor-a@ch37,tag-a@-35
48,2022-09-18 05:52:36.000,-79.11111111111111,21.88888888888889,-0.7777777777777778,anchor-a@ch37,tag-a@-35
49,2022-09-18 05:52:36.500,-78.0,21.2,-0.6,anchor-a@ch37,tag-a@-35
50,2022-09-18 05:52:37.000,-78.2,23.8,0.2,anchor-a@ch37,tag-a@-35
51,2022-09-18 05:52:37.500,-82.71428571428571,24.142857142857142,0.0,anchor-a@ch37,tag-a@-35
52,2022-09-18 05:52:38.000,-81.83333333333333,26.333333333333332,0.16666666666666666,anchor-a@ch37,tag-a@-35
53,2022-09-18 05:52:38.500,-79.0,25.0,0.5,anchor-a@ch37,tag-a@-35
54,2022-09-18 05:52:39.000,-79.0,23.0,0.0,anchor-a@ch37,tag-a@-35
55,2022-09-18 05:52:39.500,-76.125,22.0,1.375,anchor-a@ch37,tag-a@-35
56,2022-09-18 05:52:40.000,-77.0,22.0,1.5,anchor-a@ch37,tag-a@-35
57,2022-09-18 05:52:40.500,-77.0,23.0,2.5,anchor-a@ch37,tag-a@-35
58,2022-09-18 05:52:41.000,-78.33333333333333,24.333333333333332,3.1666666666666665,anchor-a@ch37,tag-a@-35
59,2022-09-18 05:52:41.500,-77.5,23.5,2.0,anchor-a@ch37,tag-a@-35
60,2022-09-18 05:52:42.000,-77.0,21.75,0.75,anchor-a@ch37,tag-a@-35
61,2022-09-18 05:52:42.500,-77.66666666666667,22.0,1.0,anchor-a@ch37,tag-a@-35
62,2022-09-18 05:52:43.000,-77.5,22.0,0.125,anchor-a@ch37,tag-a@-35
63,2022-09-18 05:52:43.500,-76.6,21.2,0.6,anchor-a@ch37,tag-a@-35
64,2022-09-18 05:52:44.000,-77.0,21.0,1.0,anchor-a@ch37,tag-a@-35
65,2022-09-18 05:52:44.500,-77.0,21.0,1.0,anchor-a@ch37,tag-a@-35
66,2022-09-18 05:52:45.000,-79.0,23.666666666666668,1.0,anchor-a@ch37,tag-a@-35
67,2022-09-18 05:52:45.500,-78.28571428571429,23.714285714285715,0.7142857142857143,anchor-a@ch37,tag-a@-35
68,2022-09-18 05:52:46.000,-77.75,23.0,0.0,anchor-a@ch37,tag-a@-35
69,2022-09-18 05:52:46.500,-79.5,23.0,0.0,anchor-a@ch37,tag-a@-35
70,2022-09-18 05:52:47.000,-79.5,23.0,-1.0,anchor-a@ch37,tag-a@-35
71,2022-09-18 05:52:47.500,-78.0,23.571428571428573,-0.2857142857142857,anchor-a@ch37,tag-a@-35
72,2022-09-18 05:52:48.000,-80.0,24.0,1.0,anchor-a@ch37,tag-a@-35
73,2022-09-18 05:52:48.500,-77.6,23.0,0.6,anchor-a@ch37,tag-a@-35
74,2022-09-18 05:52:49.000,-77.6,22.2,-0.4,anchor-a@ch37,tag-a@-35
75,2022-09-18 05:52:49.500,-78.0,21.0,-1.0,anchor-a@ch37,tag-a@-35
76,2022-09-18 05:52:50.000,-78.0,22.5,0.0,anchor-a@ch37,tag-a@-35
77,2022-09-18 05:52:50.500,-78.0,23.5,0.0,anchor-a@ch37,tag-a@-35
78,2022-09-18 05:52:51.000,-78.83333333333333,25.333333333333332,0.0,anchor-a@ch37,tag-a@-35
79,2022-09-18 05:52:51.500,-77.75,23.75,-0.25,anchor-a@ch37,tag-a@-35
80,2022-09-18 05:52:52.000,-78.75,22.5,0.0,anchor-a@ch37,tag-a@-35
81,2022-09-18 05:52:52.500,-78.66666666666667,22.0,0.0,anchor-a@ch37,tag-a@-35
82,2022-09-18 05:52:53.000,-78.66666666666667,22.0,-1.0,anchor-a@ch37,tag-a@-35
83,2022-09-18 05:52:53.500,-78.85714285714286,22.142857142857142,-0.7142857142857143,anchor-a@ch37,tag-a@-35
84,2022-09-18 05:52:54.000,-78.3,21.9,-0.2,anchor-a@ch37,tag-a@-35
85,2022-09-18 05:52:54.500,-78.0,22.0,-0.5,anchor-a@ch37,tag-a@-35
86,2022-09-18 05:52:55.000,-78.0,22.0,-1.0,anchor-a@ch37,tag-a@-35
87,2022-09-18 05:52:55.500,-78.2,22.2,-1.0,anchor-a@ch37,tag-a@-35
88,2022-09-18 05:52:56.000,-78.6,23.0,0.0,anchor-a@ch37,tag-a@-35
89,2022-09-18 05:52:56.500,-78.0,22.0,0.0,anchor-a@ch37,tag-a@-35
90,2022-09-18 05:52:57.000,-78.25,21.25,0.25,anchor-a@ch37,tag-a@-35
91,2022-09-18 05:52:57.500,-78.75,21.25,0.0,anchor-a@ch37,tag-a@-35
92,2022-09-18 05:52:58.000,-78.25,21.0,-0.25,anchor-a@ch37,tag-a@-35
93,2022-09-18 05:52:58.500,-79.6,23.0,0.0,anchor-a@ch37,tag-a@-35
94,2022-09-18 05:52:59.000,-78.0,24.0,0.0,anchor-a@ch37,tag-a@-35
95,2022-09-18 05:52:59.500,-77.66666666666667,22.666666666666668,0.0,anchor-a@ch37,tag-a@-35
96,2022-09-18 05:53:00.000,-77.33333333333333,23.0,0.0,anchor-a@ch37,tag-a@-35
97,2022-09-18 05:53:00.500,-77.5,24.0,0.0,anchor-a@ch37,tag-a@-35
98,2022-09-18 05:53:01.000,-77.33333333333333,24.0,-1.0,anchor-a@ch37,tag-a@-35
99,2022-09-18 05:53:01.500,-78.0,24.0,-2.0,anchor-a@ch37,tag-a@-35
100,2022-09-18 05:53:02.000,-78.4,23.2,-2.0,anchor-a@ch37,tag-a@-35
101,2022-09-18 05:53:02.500,-78.0,23.4,-0.6,anchor-a@ch37,tag-a@-35
102,2022-09-18 05:53:03.000,-78.2,24.8,0.0,anchor-a@ch37,tag-a@-35
103,2022-09-18 05:53:03.500,-78.42857142857143,24.0,0.14285714285714285,anchor-a@ch37,tag-a@-35
104,2022-09-18 05:53:04.000,-77.75,24.0,0.0,anchor-a@ch37,tag-a@-35
105,2022-09-18 05:53:04.500,-78.0,24.0,0.0,anchor-a@ch37,tag-a@-35
106,2022-09-18 05:53:05.000,-79.0,24.0,0.0,anchor-a@ch37,tag-a@-35
107,2022-09-18 05:53:05.500,-78.33333333333333,23.0,-1.3333333333333333,anchor-a@ch37,tag-a@-35
108,2022-09-18 05:53:06.000,-78.0,22.6,-0.8,anchor-a@ch37,tag-a@-35
109,2022-09-18 05:53:06.500,-78.2,22.0,0.0,anchor-a@ch37,tag-a@-35
110,2022-09-18 05:53:07.000,-78.0,23.666666666666668,0.0,anchor-a@ch37,tag-a@-35
111,2022-09-18 05:53:07.500,-78.33333333333333,24.0,0.0,anchor-a@ch37,tag-a@-35
112,2022-09-18 05:53:08.000,-77.66666666666667,23.666666666666668,1.0,anchor-a@ch37,tag-a@-35
113,2022-09-18 05:53:08.500,-77.2,22.8,0.8,anchor-a@ch37,tag-a@-35
114,2022-09-18 05:53:09.000,-78.0,23.0,0.2,anchor-a@ch37,tag-a@-35
115,2022-09-18 05:53:09.500,-78.0,23.0,-0.5,anchor-a@ch37,tag-a@-35
116,2022-09-18 05:53:10.000,-78.5,23.0,-1.0,anchor-a@ch37,tag-a@-35
117,2022-09-18 05:53:10.500,-77.25,23.75,0.0,anchor-a@ch37,tag-a@-35
118,2022-09-18 05:53:11.000,-77.57142857142857,25.571428571428573,3.2857142857142856,anchor-a@ch37,tag-a@-35
119,2022-09-18 05:53:11.500,-76.33333333333333,24.0,0.0,anchor-a@ch37,tag-a@-35
120,2022-09-18 05:52:12.000,-78.0,23.666666666666668,-0.3333333333333333,anchor-a@ch38,tag-a@-35
121,2022-09-18 05:52:12.500,-78.0,23.333333333333332,0.0,anchor-a@ch38,tag-a@-35
122,2022-09-18 05:52:13.000,-78.2,22.4,-0.6,anchor-a@ch38,tag-a@-35
123,2022-09-18 05:52:13.500,-77.5,22.0,-1.0,anchor-a@ch38,tag-a@-35
124,2022-09-18 05:52:14.000,-77.6,21.0,-0.2,anchor-a@ch38,tag-a@-35
125,2022-09-18 05:52:14.500,-78.33333333333333,21.0,-1.0,anchor-a@ch38,tag-a@-35
126,2022-09-18 05:52:15.000,-78.25,22.25,-0.75,anchor-a@ch38,tag-a@-35
127,2022-09-18 05:52:15.500,-78.2,23.0,-0.2,anchor-a@ch38,tag-a@-35
128,2022-09-18 05:52:16.000,-77.25,22.75,-1.0,anchor-a@ch38,tag-a@-35
129,2022-09-18 05:52:16.500,-78.0,21.5,-1.0,anchor-a@ch38,tag-a@-35
130,2022-09-18 05:52:17.000,-79.0,22.0,-0.25,anchor-a@ch38,tag-a@-35
131,2022-09-18 05:52:17.500,-77.85714285714286,22.571428571428573,0.0,anchor-a@ch38,tag-a@-35
132,2022-09-18 05:52:18.000,-78.0,21.5,0.0,anchor-a@ch38,tag-a@-35
133,2022-09-18 05:52:18.500,-77.85714285714286,21.714285714285715,0.0,anchor-a@ch38,tag-a@-35
134,2022-09-18 05:52:19.000,-78.0,20.9,-0.6,anchor-a@ch38,tag-a@-35
135,2022-09-18 05:52:19.500,-78.0,20.0,-1.0,anchor-a@ch38,tag-a@-35
136,2022-09-18 05:52:20.000,-77.33333333333333,22.333333333333332,0.0,anchor-a@ch38,tag-a@-35
137,2022-09-18 05:52:20.500,-77.33333333333333,23.0,0.0,anchor-a@ch38,tag-a@-35
138,2022-09-18 05:52:21.000,-77.5,23.0,0.0,anchor-a@ch38,tag-a@-35
139,2022-09-18 05:52:21.500,-77.25,23.0,0.0,anchor-a@ch38,tag-a@-35
140,2022-09-18 05:52:22.000,-78.0,23.25,0.5,anchor-a@ch38,tag-a@-35
141,2022-09-18 05:52:22.500,-78.0,23.0,0.0,anchor-a@ch38,tag-a@-35
142,2022-09-18 05:52:23.000,-77.5,23.25,0.0,anchor-a@ch38,tag-a@-35
143,2022-09-18 05:52:23.500,-77.33333333333333,23.0,0.0,anchor-a@ch38,tag-a@-35
144,2022-09-18 05:52:24.000,-77.57142857142857,23.0,0.0,anchor-a@ch38,tag-a@-35
145,2022-09-18 05:52:24.500,-77.4,23.0,-1.0,anchor-a@ch38,tag-a@-35
146,2022-09-18 05:52:25.000,-77.33333333333333,23.0,-0.6666666666666666,anchor-a@ch38,tag-a@-35
147,2022-09-18 05:52:25.500,-77.66666666666667,22.833333333333332,0.0,anchor-a@ch38,tag-a@-35
148,2022-09-18 05:52:26.000,-77.5,22.5,0.0,anchor-a@ch38,tag-a@-35
149,2022-09-18 05:52:26.500,-77.5,21.75,0.0,anchor-a@ch38,tag-a@-35
150,2022-09-18 05:52:27.000,-78.0,21.666666666666668,0.0,anchor-a@ch38,tag-a@-35
151,2022-09-18 05:52:27.500,-77.66666666666667,22.0,0.0,anchor-a@ch38,tag-a@-35
152,2022-09-18 05:52:28.000,-77.6,22.6,0.0,anchor-a@ch38,tag-a@-35
153,2022-09-18 05:52:28.500,-77.42857142857143,22.142857142857142,-0.8571428571428571,anchor-a@ch38,tag-a@-35
154,2022-09-18 05:52:29.000,-77.33333333333333,21.0,0.0,anchor-a@ch38,tag-a@-35
155,2022-09-18 05:52:29.500,-77.6,21.6,0.0,anchor-a@ch38,tag-a@-35
156,2022-09-18 05:52:30.000,-78.0,22.0,0.0,anchor-a@ch38,tag-a@-35
157,2022-09-18 05:52:30.500,-78.0,22.0,0.0,anchor-a@ch38,tag-a@-35
158,2022-09-18 05:52:31.000,-78.0,23.0,0.0,anchor-a@ch38,tag-a@-35
159,2022-09-18 05:52:31.500,-78.0,23.166666666666668,0.0,anchor-a@ch38,tag-a@-35
160,2022-09-18 05:52:32.000,-77.0,23.0,0.0,anchor-a@ch38,tag-a@-35
161,2022-09-18 05:52:32.500,-77.75,23.0,0.0,anchor-a@ch38,tag-a@-35
162,2022-09-18 05:52:33.000,-79.0,23.0,0.0,anchor-a@ch38,tag-a@-35
163,2022-09-18 05:52:33.500,-78.5,23.5,0.0,anchor-a@ch38,tag-a@-35
164,2022-09-18 05:52:34.000,-77.25,22.0,0.0,anchor-a@ch38,tag-a@-35
165,2022-09-18 05:52:34.500,-78.0,22.0,-0.6,anchor-a@ch38,tag-a@-35
166,2022-09-18 05:52:35.000,-78.5,22.0,-1.0,anchor-a@ch38,tag-a@-35
167,2022-09-18 05:52:35.500,-77.5,22.75,-0.25,anchor-a@ch38,tag-a@-35
168,2022-09-18 05:52:36.000,-77.4,22.0,-1.0,anchor-a@ch38,tag-a@-35
169,2022-09-18 05:52:36.500,-76.33333333333333,21.0,-0.6666666666666666,anchor-a@ch38,tag-a@-35
170,2022-09-18 05:52:37.000,-77.5,23.75,0.25,anchor-a@ch38,tag-a@-35
171,2022-09-18 05:52:37.500,-77.2,24.0,0.0,anchor-a@ch38,tag-a@-35
172,2022-09-18 05:52:38.000,-78.25,26.5,0.5,anchor-a@ch38,tag-a@-35
173,2022-09-18 05:52:38.500,-78.33333333333333,24.5,0.5,anchor-a@ch38,tag-a@-35
174,2022-09-18 05:52:39.000,-79.4,23.0,1.0,anchor-a@ch38,tag-a@-35
175,2022-09-18 05:52:39.500,-79.66666666666667,22.0,1.0,anchor-a@ch38,tag-a@-35
176,2022-09-18 05:52:40.000,-78.66666666666667,22.0,1.0,anchor-a@ch38,tag-a@-35
177,2022-09-18 05:52:40.500,-79.0,23.5,2.5,anchor-a@ch38,tag-a@-35
178,2022-09-18 05:52:41.000,-79.66666666666667,24.333333333333332,3.3333333333333335,anchor-a@ch38,tag-a@-35
179,2022-09-18 05:52:41.500,-81.0,24.0,2.5,anchor-a@ch38,tag-a@-35
180,2022-09-18 05:52:42.000,-81.2,22.2,1.0,anchor-a@ch38,tag-a@-35
181,2022-09-18 05:52:42.500,-79.2,22.0,1.0,anchor-a@ch38,tag-a@-35
182,2022-09-18 05:52:43.000,-79.85714285714286,22.0,0.14285714285714285,anchor-a@ch38,tag-a@-35
183,2022-09-18 05:52:43.500,-80.5,21.5,0.5,anchor-a@ch38,tag-a@-35
184,2022-09-18 05:52:44.000,-79.5,21.0,1.0,anchor-a@ch38,tag-a@-35
185,2022-09-18 05:52:44.500,-77.75,21.75,1.0,anchor-a@ch38,tag-a@-35
186,2022-09-18 05:52:45.000,-80.33333333333333,24.0,1.3333333333333333,anchor-a@ch38,tag-a@-35
187,2022-09-18 05:52:45.500,-78.66666666666667,23.666666666666668,0.3333333333333333,anchor-a@ch38,tag-a@-35
188,2022-09-18 05:52:46.000,-80.83333333333333,23.0,0.0,anchor-a@ch38,tag-a@-35
189,2022-09-18 05:52:46.500,-81.4,23.0,-0.4,anchor-a@ch38,tag-a@-35
190,2022-09-18 05:52:47.000,-77.75,23.0,-1.0,anchor-a@ch38,tag-a@-35
191,2022-09-18 05:52:47.500,-77.0,23.666666666666668,-0.3333333333333333,anchor-a@ch38,tag-a@-35
192,2022-09-18 05:52:48.000,-78.83333333333333,23.666666666666668,1.3333333333333333,anchor-a@ch38,tag-a@-35
193,2022-09-18 05:52:48.500,-77.2,23.0,0.4,anchor-a@ch38,tag-a@-35
194,2022-09-18 05:52:49.000,-77.2,21.8,-1.0,anchor-a@ch38,tag-a@-35
195,2022-09-18 05:52:49.500,-78.4,21.0,-1.0,anchor-a@ch38,tag-a@-35
196,2022-09-18 05:52:50.000,-77.66666666666667,22.333333333333332,-0.3333333333333333,anchor-a@ch38,tag-a@-35
197,2022-09-18 05:52:50.500,-78.0,24.0,1.6666666666666667,anchor-a@ch38,tag-a@-35
198,2022-09-18 05:52:51.000,-77.75,26.0,0.0,anchor-a@ch38,tag-a@-35
199,2022-09-18 05:52:51.500,-77.125,23.25,-0.125,anchor-a@ch38,tag-a@-35
200,2022-09-18 05:52:52.000,-77.75,23.0,0.0,anchor-a@ch38,tag-a@-35
201,2022-09-18 05:52:52.500,-77.66666666666667,22.0,-0.5,anchor-a@ch38,tag-a@-35
202,2022-09-18 05:52:53.000,-78.16666666666667,22.0,-0.8333333333333334,anchor-a@ch38,tag-a@-35
203,2022-09-18 05:52:53.500,-78.0,22.333333333333332,-0.6666666666666666,anchor-a@ch38,tag-a@-35
204,2022-09-18 05:52:54.000,-78.0,21.0,-1.0,anchor-a@ch38,tag-a@-35
205,2022-09-18 05:52:54.500,-78.0,22.0,-0.6,anchor-a@ch38,tag-a@-35
206,2022-09-18 05:52:55.000,-79.0,22.0,-1.0,anchor-a@ch38,tag-a@-35
207,2022-09-18 05:52:55.500,-78.0,22.0,-1.0,anchor-a@ch38,tag-a@-35
208,2022-09-18 05:52:56.000,-77.5,23.0,0.0,anchor-a@ch38,tag-a@-35
209,2022-09-18 05:52:56.500,-79.33333333333333,21.666666666666668,0.0,anchor-a@ch38,tag-a@-35
210,2022-09-18 05:52:57.000,-78.66666666666667,21.333333333333332,0.0,anchor-a@ch38,tag-a@-35
211,2022-09-18 05:52:57.500,-77.0,21.166666666666668,0.0,anchor-a@ch38,tag-a@-35
212,2022-09-18 05:52:58.000,-78.5,21.0,-0.5,anchor-a@ch38,tag-a@-35
213,2022-09-18 05:52:58.500,-76.0,23.0,0.0,anchor-a@ch38,tag-a@-35
214,2022-09-18 05:52:59.000,-78.0,24.0,0.0,anchor-a@ch38,tag-a@-35
215,2022-09-18 05:52:59.500,-77.25,22.25,0.0,anchor-a@ch38,tag-a@-35
216,2022-09-18 05:53:00.000,,,,anchor-a@ch38,tag-a@-35
217,2022-09-18 05:53:00.500,-77.66666666666667,24.22222222222222,1.1111111111111112,anchor-a@ch38,tag-a@-35
218,2022-09-18 05:53:01.000,-78.0,23.8,-0.8,anchor-a@ch38,tag-a@-35
219,2022-09-18 05:53:01.500,-77.75,23.75,-1.5,anchor-a@ch38,tag-a@-35
220,2022-09-18 05:53:02.000,-77.42857142857143,23.285714285714285,-2.0,anchor-a@ch38,tag-a@-35
221,2022-09-18 05:53:02.500,-77.0,23.6,-0.6,anchor-a@ch38,tag-a@-35
222,2022-09-18 05:53:03.000,-79.0,24.333333333333332,0.0,anchor-a@ch38,tag-a@-35
223,2022-09-18 05:53:03.500,-77.2,24.0,0.0,anchor-a@ch38,tag-a@-35
224,2022-09-18 05:53:04.000,-78.16666666666667,24.0,0.0,anchor-a@ch38,tag-a@-35
225,2022-09-18 05:53:04.500,-77.8,24.0,0.0,anchor-a@ch38,tag-a@-35
226,2022-09-18 05:53:05.000,-78.16666666666667,24.0,0.0,anchor-a@ch38,tag-a@-35
227,2022-09-18 05:53:05.500,-78.0,23.333333333333332,-1.0,anchor-a@ch38,tag-a@-35
228,2022-09-18 05:53:06.000,-79.75,22.25,-1.5,anchor-a@ch38,tag-a@-35
229,2022-09-18 05:53:06.500,-78.33333333333333,21.833333333333332,-0.5,anchor-a@ch38,tag-a@-35
230,2022-09-18 05:53:07.000,-77.25,22.25,-1.0,anchor-a@ch38,tag-a@-35
231,2022-09-18 05:53:07.500,-77.66666666666667,24.0,0.0,anchor-a@ch38,tag-a@-35
232,2022-09-18 05:53:08.000,-78.0,24.0,1.0,anchor-a@ch38,tag-a@-35
233,2022-09-18 05:53:08.500,-77.5,22.5,0.5,anchor-a@ch38,tag-a@-35
234,2022-09-18 05:53:09.000,-77.66666666666667,22.666666666666668,0.0,anchor-a@ch38,tag-a@-35
235,2022-09-18 05:53:09.500,-77.6,23.0,-1.0,anchor-a@ch38,tag-a@-35
236,2022-09-18 05:53:10.000,-78.5,23.0,-1.0,anchor-a@ch38,tag-a@-35
237,2022-09-18 05:53:10.500,-75.0,24.0,0.0,anchor-a@ch38,tag-a@-35
238,2022-09-18 05:53:11.000,-77.0,26.0,4.0,anchor-a@ch38,tag-a@-35
239,2022-09-18 05:53:11.500,-76.42857142857143,24.0,0.0,anchor-a@ch38,tag-a@-35
240,2022-09-18 05:52:12.000,-71.0,23.0,-0.6666666666666666,anchor-a@ch39,tag-a@-35
241,2022-09-18 05:52:12.500,-71.0,24.0,0.0,anchor-a@ch39,tag-a@-35
242,2022-09-18 05:52:13.000,-71.0,22.5,-0.5,anchor-a@ch39,tag-a@-35
243,2022-09-18 05:52:13.500,-71.0,22.0,-1.0,anchor-a@ch39,tag-a@-35
244,2022-09-18 05:52:14.000,-71.33333333333333,21.666666666666668,0.0,anchor-a@ch39,tag-a@-35
245,2022-09-18 05:52:14.500,-71.0,21.166666666666668,-1.0,anchor-a@ch39,tag-a@-35
246,2022-09-18 05:52:15.000,-70.2,22.6,-0.6,anchor-a@ch39,tag-a@-35
247,2022-09-18 05:52:15.500,-70.33333333333333,23.0,-0.5,anchor-a@ch39,tag-a@-35
248,2022-09-18 05:52:16.000,-70.25,23.0,-0.5,anchor-a@ch39,tag-a@-35
249,2022-09-18 05:52:16.500,-70.33333333333333,21.333333333333332,-1.0,anchor-a@ch39,tag-a@-35
250,2022-09-18 05:52:17.000,-70.6,22.4,-0.2,anchor-a@ch39,tag-a@-35
251,2022-09-18 05:52:17.500,-71.0,22.5,0.0,anchor-a@ch39,tag-a@-35
252,2022-09-18 05:52:18.000,-70.75,21.25,0.0,anchor-a@ch39,tag-a@-35
253,2022-09-18 05:52:18.500,,,,anchor-a@ch39,tag-a@-35
254,2022-09-18 05:52:19.000,-70.33333333333333,21.0,-0.6666666666666666,anchor-a@ch39,tag-a@-35
255,2022-09-18 05:52:19.500,-71.33333333333333,20.0,-0.3333333333333333,anchor-a@ch39,tag-a@-35
256,2022-09-18 05:52:20.000,-71.25,22.0,0.0,anchor-a@ch39,tag-a@-35
257,2022-09-18 05:52:20.500,-71.16666666666667,23.333333333333332,0.0,anchor-a@ch39,tag-a@-35
258,2022-09-18 05:52:21.000,-71.0,23.0,0.0,anchor-a@ch39,tag-a@-35
259,2022-09-18 05:52:21.500,-71.0,23.0,0.0,anchor-a@ch39,tag-a@-35
260,2022-09-18 05:52:22.000,-71.0,23.2,0.4,anchor-a@ch39,tag-a@-35
261,2022-09-18 05:52:22.500,-71.28571428571429,23.285714285714285,0.0,anchor-a@ch39,tag-a@-35
262,2022-09-18 05:52:23.000,-70.66666666666667,23.0,0.0,anchor-a@ch39,tag-a@-35
263,2022-09-18 05:52:23.500,-70.71428571428571,23.0,0.0,anchor-a@ch39,tag-a@-35
264,2022-09-18 05:52:24.000,-70.66666666666667,23.0,0.0,anchor-a@ch39,tag-a@-35
265,2022-09-18 05:52:24.500,-71.0,23.0,-1.0,anchor-a@ch39,tag-a@-35
266,2022-09-18 05:52:25.000,-71.0,23.0,-0.75,anchor-a@ch39,tag-a@-35
267,2022-09-18 05:52:25.500,-71.0,22.666666666666668,0.0,anchor-a@ch39,tag-a@-35
268,2022-09-18 05:52:26.000,-71.0,23.0,0.0,anchor-a@ch39,tag-a@-35
269,2022-09-18 05:52:26.500,-71.66666666666667,22.666666666666668,0.3333333333333333,anchor-a@ch39,tag-a@-35
270,2022-09-18 05:52:27.000,-70.85714285714286,21.714285714285715,0.0,anchor-a@ch39,tag-a@-35
271,2022-09-18 05:52:27.500,-71.0,22.0,0.3333333333333333,anchor-a@ch39,tag-a@-35
272,2022-09-18 05:52:28.000,-70.66666666666667,23.0,0.0,anchor-a@ch39,tag-a@-35
273,2022-09-18 05:52:28.500,-71.0,22.0,-1.0,anchor-a@ch39,tag-a@-35
274,2022-09-18 05:52:29.000,-70.5,21.0,0.0,anchor-a@ch39,tag-a@-35
275,2022-09-18 05:52:29.500,-71.0,22.0,0.0,anchor-a@ch39,tag-a@-35
276,2022-09-18 05:52:30.000,-71.0,22.0,0.0,anchor-a@ch39,tag-a@-35
277,2022-09-18 05:52:30.500,-71.25,22.0,0.0,anchor-a@ch39,tag-a@-35
278,2022-09-18 05:52:31.000,-71.25,23.0,0.0,anchor-a@ch39,tag-a@-35
279,2022-09-18 05:52:31.500,-71.33333333333333,23.333333333333332,0.0,anchor-a@ch39,tag-a@-35
280,2022-09-18 05:52:32.000,-72.25,24.0,-0.5,anchor-a@ch39,tag-a@-35
281,2022-09-18 05:52:32.500,-71.5,23.0,0.0,anchor-a@ch39,tag-a@-35
282,2022-09-18 05:52:33.000,-71.14285714285714,23.142857142857142,0.0,anchor-a@ch39,tag-a@-35
283,2022-09-18 05:52:33.500,-72.0,23.2,0.0,anchor-a@ch39,tag-a@-35
284,2022-09-18 05:52:34.000,-72.0,22.0,0.0,anchor-a@ch39,tag-a@-35
285,2022-09-18 05:52:34.500,-71.5,22.0,-0.5,anchor-a@ch39,tag-a@-35
286,2022-09-18 05:52:35.000,-71.66666666666667,22.0,-0.6666666666666666,anchor-a@ch39,tag-a@-35
287,2022-09-18 05:52:35.500,-71.75,22.5,0.0,anchor-a@ch39,tag-a@-35
288,2022-09-18 05:52:36.000,-72.0,21.5,-0.5,anchor-a@ch39,tag-a@-35
289,2022-09-18 05:52:36.500,-72.33333333333333,21.166666666666668,-0.3333333333333333,anchor-a@ch39,tag-a@-35
290,2022-09-18 05:52:37.000,-72.33333333333333,23.0,0.5,anchor-a@ch39,tag-a@-35
291,2022-09-18 05:52:37.500,-71.0,24.333333333333332,0.0,anchor-a@ch39,tag-a@-35
292,2022-09-18 05:52:38.000,-75.6,25.8,0.8,anchor-a@ch39,tag-a@-35
293,2022-09-18 05:52:38.500,-71.83333333333333,23.5,0.0,anchor-a@ch39,tag-a@-35
294,2022-09-18 05:52:39.000,-73.33333333333333,22.833333333333332,1.1666666666666667,anchor-a@ch39,tag-a@-35
295,2022-09-18 05:52:39.500,-72.0,22.0,2.0,anchor-a@ch39,tag-a@-35
296,2022-09-18 05:52:40.000,-70.8,22.2,2.0,anchor-a@ch39,tag-a@-35
297,2022-09-18 05:52:40.500,-71.66666666666667,24.166666666666668,4.0,anchor-a@ch39,tag-a@-35
298,2022-09-18 05:52:41.000,-74.25,24.25,3.25,anchor-a@ch39,tag-a@-35
299,2022-09-18 05:52:41.500,-73.4,24.0,3.6,anchor-a@ch39,tag-a@-35
300,2022-09-18 05:52:42.000,-74.14285714285714,21.857142857142858,1.8571428571428572,anchor-a@ch39,tag-a@-35
301,2022-09-18 05:52:42.500,-75.0,22.0,1.0,anchor-a@ch39,tag-a@-35
302,2022-09-18 05:52:43.000,-75.0,22.0,0.5,anchor-a@ch39,tag-a@-35
303,2022-09-18 05:52:43.500,-73.6,21.8,0.2,anchor-a@ch39,tag-a@-35
304,2022-09-18 05:52:44.000,-73.66666666666667,21.0,1.0,anchor-a@ch39,tag-a@-35
305,2022-09-18 05:52:44.500,-72.0,21.2,1.0,anchor-a@ch39,tag-a@-35
306,2022-09-18 05:52:45.000,-71.66666666666667,23.5,1.5,anchor-a@ch39,tag-a@-35
307,2022-09-18 05:52:45.500,-71.0,23.8,0.0,anchor-a@ch39,tag-a@-35
308,2022-09-18 05:52:46.000,-73.0,23.0,0.0,anchor-a@ch39,tag-a@-35
309,2022-09-18 05:52:46.500,-78.0,23.0,0.0,anchor-a@ch39,tag-a@-35
310,2022-09-18 05:52:47.000,-75.4,23.0,-1.0,anchor-a@ch39,tag-a@-35
311,2022-09-18 05:52:47.500,-74.66666666666667,24.0,0.3333333333333333,anchor-a@ch39,tag-a@-35
312,2022-09-18 05:52:48.000,-71.75,24.0,1.25,anchor-a@ch39,tag-a@-35
313,2022-09-18 05:52:48.500,-71.66666666666667,23.0,0.8333333333333334,anchor-a@ch39,tag-a@-35
314,2022-09-18 05:52:49.000,-71.0,23.0,0.0,anchor-a@ch39,tag-a@-35
315,2022-09-18 05:52:49.500,-71.83333333333333,21.0,-0.8333333333333334,anchor-a@ch39,tag-a@-35
316,2022-09-18 05:52:50.000,-71.8,22.2,-0.2,anchor-a@ch39,tag-a@-35
317,2022-09-18 05:52:50.500,-71.0,24.142857142857142,1.4285714285714286,anchor-a@ch39,tag-a@-35
318,2022-09-18 05:52:51.000,-71.33333333333333,25.666666666666668,0.8333333333333334,anchor-a@ch39,tag-a@-35
319,2022-09-18 05:52:51.500,-70.0,23.0,-0.5,anchor-a@ch39,tag-a@-35
320,2022-09-18 05:52:52.000,-71.0,22.8,0.0,anchor-a@ch39,tag-a@-35
321,2022-09-18 05:52:52.500,-71.2,22.0,-0.4,anchor-a@ch39,tag-a@-35
322,2022-09-18 05:52:53.000,-71.33333333333333,22.333333333333332,-0.6666666666666666,anchor-a@ch39,tag-a@-35
323,2022-09-18 05:52:53.500,-70.71428571428571,22.571428571428573,-0.8571428571428571,anchor-a@ch39,tag-a@-35
324,2022-09-18 05:52:54.000,-71.0,22.0,0.0,anchor-a@ch39,tag-a@-35
325,2022-09-18 05:52:54.500,-70.5,22.0,-0.5,anchor-a@ch39,tag-a@-35
326,2022-09-18 05:52:55.000,-71.25,22.0,-0.75,anchor-a@ch39,tag-a@-35
327,2022-09-18 05:52:55.500,-70.5,22.75,-1.0,anchor-a@ch39,tag-a@-35
328,2022-09-18 05:52:56.000,-70.6,23.2,0.0,anchor-a@ch39,tag-a@-35
329,2022-09-18 05:52:56.500,-71.33333333333333,22.333333333333332,0.0,anchor-a@ch39,tag-a@-35
330,2022-09-18 05:52:57.000,-72.14285714285714,21.714285714285715,0.2857142857142857,anchor-a@ch39,tag-a@-35
331,2022-09-18 05:52:57.500,-71.33333333333333,21.333333333333332,0.3333333333333333,anchor-a@ch39,tag-a@-35
332,2022-09-18 05:52:58.000,-75.25,21.25,-0.5,anchor-a@ch39,tag-a@-35
333,2022-09-18 05:52:58.500,-71.75,23.25,0.0,anchor-a@ch39,tag-a@-35
334,2022-09-18 05:52:59.000,-71.66666666666667,24.0,0.6666666666666666,anchor-a@ch39,tag-a@-35
335,2022-09-18 05:52:59.500,-71.33333333333333,22.666666666666668,0.0,anchor-a@ch39,tag-a@-35
336,2022-09-18 05:53:00.000,-72.125,22.875,0.0,anchor-a@ch39,tag-a@-35
337,2022-09-18 05:53:00.500,-71.5,25.0,2.5,anchor-a@ch39,tag-a@-35
338,2022-09-18 05:53:01.000,-72.0,24.0,-0.6,anchor-a@ch39,tag-a@-35
339,2022-09-18 05:53:01.500,-73.33333333333333,24.0,-1.3333333333333333,anchor-a@ch39,tag-a@-35
340,2022-09-18 05:53:02.000,-71.0,23.5,-1.5,anchor-a@ch39,tag-a@-35
341,2022-09-18 05:53:02.500,-71.6,24.2,-0.6,anchor-a@ch39,tag-a@-35
342,2022-09-18 05:53:03.000,-72.0,24.75,0.25,anchor-a@ch39,tag-a@-35
343,2022-09-18 05:53:03.500,-71.4,24.0,0.2,anchor-a@ch39,tag-a@-35
344,2022-09-18 05:53:04.000,-72.5,24.0,0.0,anchor-a@ch39,tag-a@-35
345,2022-09-18 05:53:04.500,-72.4,24.0,0.0,anchor-a@ch39,tag-a@-35
346,2022-09-18 05:53:05.000,-71.8,24.0,0.0,anchor-a@ch39,tag-a@-35
347,2022-09-18 05:53:05.500,-72.6,24.0,-0.2,anchor-a@ch39,tag-a@-35
348,2022-09-18 05:53:06.000,-73.0,22.333333333333332,-1.0,anchor-a@ch39,tag-a@-35
349,2022-09-18 05:53:06.500,-71.5,21.5,0.0,anchor-a@ch39,tag-a@-35
350,2022-09-18 05:53:07.000,-71.25,22.75,-0.75,anchor-a@ch39,tag-a@-35
351,2022-09-18 05:53:07.500,-71.42857142857143,24.142857142857142,0.14285714285714285,anchor-a@ch39,tag-a@-35
352,2022-09-18 05:53:08.000,-72.5,24.25,1.0,anchor-a@ch39,tag-a@-35
353,2022-09-18 05:53:08.500,-73.0,23.5,1.0,anchor-a@ch39,tag-a@-35
354,2022-09-18 05:53:09.000,-72.75,22.5,0.25,anchor-a@ch39,tag-a@-35
355,2022-09-18 05:53:09.500,-73.33333333333333,23.0,-1.0,anchor-a@ch39,tag-a@-35
356,2022-09-18 05:53:10.000,-73.25,23.0,-1.0,anchor-a@ch39,tag-a@-35
357,2022-09-18 05:53:10.500,-72.625,23.875,0.125,anchor-a@ch39,tag-a@-35
358,2022-09-18 05:53:11.000,-73.0,26.0,5.0,anchor-a@ch39,tag-a@-35
359,2022-09-18 05:53:11.500,-74.25,24.0,0.5,anchor-a@ch39,tag-a@-35
360,2022-09-18 05:52:12.000,-86.75,-31.0,2.75,anchor-b@ch37,tag-a@-35
361,2022-09-18 05:52:12.500,-85.33333333333333,-33.333333333333336,1.6666666666666667,anchor-b@ch37,tag-a@-35
362,2022-09-18 05:52:13.000,-84.0,-32.6,2.0,anchor-b@ch37,tag-a@-35
363,2022-09-18 05:52:13.500,-84.77777777777777,-33.44444444444444,1.7777777777777777,anchor-b@ch37,tag-a@-35
364,2022-09-18 05:52:14.000,-85.66666666666667,-34.666666666666664,1.6666666666666667,anchor-b@ch37,tag-a@-35
365,2022-09-18 05:52:14.500,-82.33333333333333,-27.0,4.333333333333333,anchor-b@ch37,tag-a@-35
366,2022-09-18 05:52:15.000,-83.0,-33.0,4.333333333333333,anchor-b@ch37,tag-a@-35
367,2022-09-18 05:52:15.500,-82.5,-36.0,1.0,anchor-b@ch37,tag-a@-35
368,2022-09-18 05:52:16.000,-81.88888888888889,-37.0,1.0,anchor-b@ch37,tag-a@-35
369,2022-09-18 05:52:16.500,-85.33333333333333,-37.0,0.8333333333333334,anchor-b@ch37,tag-a@-35
370,2022-09-18 05:52:17.000,-82.2,-36.6,0.8,anchor-b@ch37,tag-a@-35
371,2022-09-18 05:52:17.500,-82.16666666666667,-35.666666666666664,1.6666666666666667,anchor-b@ch37,tag-a@-35
372,2022-09-18 05:52:18.000,-81.0,-37.5,1.0,anchor-b@ch37,tag-a@-35
373,2022-09-18 05:52:18.500,-82.25,-39.0,0.75,anchor-b@ch37,tag-a@-35
374,2022-09-18 05:52:19.000,-82.5,-38.0,2.0,anchor-b@ch37,tag-a@-35
375,2022-09-18 05:52:19.500,-82.0,-29.8,2.2,anchor-b@ch37,tag-a@-35
376,2022-09-18 05:52:20.000,-81.4,-31.0,1.8,anchor-b@ch37,tag-a@-35
377,2022-09-18 05:52:20.500,-81.16666666666667,-36.0,1.0,anchor-b@ch37,tag-a@-35
378,2022-09-18 05:52:21.000,-81.66666666666667,-31.0,1.6666666666666667,anchor-b@ch37,tag-a@-35
379,2022-09-18 05:52:21.500,-81.33333333333333,-26.666666666666668,4.0,anchor-b@ch37,tag-a@-35
380,2022-09-18 05:52:22.000,-80.8,-32.0,2.2,anchor-b@ch37,tag-a@-35
381,2022-09-18 05:52:22.500,-81.4,-34.4,1.6,anchor-b@ch37,tag-a@-35
382,2022-09-18 05:52:23.000,-82.22222222222223,-34.22222222222222,1.1111111111111112,anchor-b@ch37,tag-a@-35
383,2022-09-18 05:52:23.500,-80.33333333333333,-36.333333333333336,0.0,anchor-b@ch37,tag-a@-35
384,2022-09-18 05:52:24.000,-80.4,-34.6,0.0,anchor-b@ch37,tag-a@-35
385,2022-09-18 05:52:24.500,-81.83333333333333,-34.833333333333336,1.0,anchor-b@ch37,tag-a@-35
386,2022-09-18 05:52:25.000,-81.66666666666667,-36.888888888888886,0.6666666666666666,anchor-b@ch37,tag-a@-35
387,2022-09-18 05:52:25.500,-81.25,-37.75,0.0,anchor-b@ch37,tag-a@-35
388,2022-09-18 05:52:26.000,-80.5,-39.083333333333336,0.3333333333333333,anchor-b@ch37,tag-a@-35
389,2022-09-18 05:52:26.500,-81.0,-44.0,0.0,anchor-b@ch37,tag-a@-35
390,2022-09-18 05:52:27.000,-81.4,-35.4,1.8,anchor-b@ch37,tag-a@-35
391,2022-09-18 05:52:27.500,-81.0,-27.4,2.4,anchor-b@ch37,tag-a@-35
392,2022-09-18 05:52:28.000,-81.0,-34.0,2.0,anchor-b@ch37,tag-a@-35
393,2022-09-18 05:52:28.500,-81.5,-34.5,2.0,anchor-b@ch37,tag-a@-35
394,2022-09-18 05:52:29.000,-81.0,-35.666666666666664,2.0,anchor-b@ch37,tag-a@-35
395,2022-09-18 05:52:29.500,-81.42857142857143,-36.42857142857143,1.7142857142857142,anchor-b@ch37,tag-a@-35
396,2022-09-18 05:52:30.000,-81.85714285714286,-36.142857142857146,1.1428571428571428,anchor-b@ch37,tag-a@-35
397,2022-09-18 05:52:30.500,-81.16666666666667,-35.833333333333336,1.0,anchor-b@ch37,tag-a@-35
398,2022-09-18 05:52:31.000,-81.75,-33.25,3.25,anchor-b@ch37,tag-a@-35
399,2022-09-18 05:52:31.500,-81.2,-31.8,3.8,anchor-b@ch37,tag-a@-35
400,2022-09-18 05:52:32.000,-81.75,-31.0,3.0,anchor-b@ch37,tag-a@-35
401,2022-09-18 05:52:32.500,-81.66666666666667,-26.666666666666668,3.0,anchor-b@ch37,tag-a@-35
402,2022-09-18 05:52:33.000,-81.25,-32.75,2.75,anchor-b@ch37,tag-a@-35
403,2022-09-18 05:52:33.500,-81.33333333333333,-33.5,2.1666666666666665,anchor-b@ch37,tag-a@-35
404,2022-09-18 05:52:34.000,-82.75,-34.0,1.5,anchor-b@ch37,tag-a@-35
405,2022-09-18 05:52:34.500,-82.0,-37.75,1.5,anchor-b@ch37,tag-a@-35
406,2022-09-18 05:52:35.000,-83.0,-37.5,1.5,anchor-b@ch37,tag-a@-35
407,2022-09-18 05:52:35.500,-81.83333333333333,-34.5,1.3333333333333333,anchor-b@ch37,tag-a@-35
408,2022-09-18 05:52:36.000,-81.2,-33.0,1.2,anchor-b@ch37,tag-a@-35
409,2022-09-18 05:52:36.500,-81.125,-34.375,1.0,anchor-b@ch37,tag-a@-35
410,2022-09-18 05:52:37.000,-81.4,-37.4,1.2,anchor-b@ch37,tag-a@-35
411,2022-09-18 05:52:37.500,-81.2,-33.8,2.0,anchor-b@ch37,tag-a@-35
412,2022-09-18 05:52:38.000,-80.0,-32.0,2.3333333333333335,anchor-b@ch37,tag-a@-35
413,2022-09-18 05:52:38.500,-80.33333333333333,-33.666666666666664,2.8333333333333335,anchor-b@ch37,tag-a@-35
414,2022-09-18 05:52:39.000,-80.85714285714286,-34.285714285714285,3.0,anchor-b@ch37,tag-a@-35
415,2022-09-18 05:52:39.500,-80.57142857142857,-38.0,2.2857142857142856,anchor-b@ch37,tag-a@-35
416,2022-09-18 05:52:40.000,-80.5,-31.0,2.0,anchor-b@ch37,tag-a@-35
417,2022-09-18 05:52:40.500,-80.0,-31.5,2.0,anchor-b@ch37,tag-a@-35
418,2022-09-18 05:52:41.000,-80.28571428571429,-33.714285714285715,2.0,anchor-b@ch37,tag-a@-35
419,2022-09-18 05:52:41.500,-80.33333333333333,-34.333333333333336,2.0,anchor-b@ch37,tag-a@-35
420,2022-09-18 05:52:42.000,-79.57142857142857,-29.857142857142858,2.0,anchor-b@ch37,tag-a@-35
421,2022-09-18 05:52:42.500,-80.0,-32.333333333333336,1.3333333333333333,anchor-b@ch37,tag-a@-35
422,2022-09-18 05:52:43.000,-80.0,-37.5,1.0,anchor-b@ch37,tag-a@-35
423,2022-09-18 05:52:43.500,-80.0,-30.0,2.3333333333333335,anchor-b@ch37,tag-a@-35
424,2022-09-18 05:52:44.000,-79.83333333333333,-32.5,2.1666666666666665,anchor-b@ch37,tag-a@-35
425,2022-09-18 05:52:44.500,-79.66666666666667,-34.0,2.0,anchor-b@ch37,tag-a@-35
426,2022-09-18 05:52:45.000,-81.42857142857143,-32.42857142857143,1.7142857142857142,anchor-b@ch37,tag-a@-35
427,2022-09-18 05:52:45.500,-80.33333333333333,-32.666666666666664,1.6666666666666667,anchor-b@ch37,tag-a@-35
428,2022-09-18 05:52:46.000,-79.33333333333333,-33.0,2.0,anchor-b@ch37,tag-a@-35
429,2022-09-18 05:52:46.500,-81.5,-31.75,2.75,anchor-b@ch37,tag-a@-35
430,2022-09-18 05:52:47.000,-81.4,-33.2,2.0,anchor-b@ch37,tag-a@-35
431,2022-09-18 05:52:47.500,-81.125,-35.75,1.25,anchor-b@ch37,tag-a@-35
432,2022-09-18 05:52:48.000,-82.0,-35.0,1.1666666666666667,anchor-b@ch37,tag-a@-35
433,2022-09-18 05:52:48.500,-81.83333333333333,-35.0,0.5,anchor-b@ch37,tag-a@-35
434,2022-09-18 05:52:49.000,-80.875,-35.0,0.0,anchor-b@ch37,tag-a@-35
435,2022-09-18 05:52:49.500,-80.25,-34.5,0.25,anchor-b@ch37,tag-a@-35
436,2022-09-18 05:52:50.000,-80.75,-33.0,2.0,anchor-b@ch37,tag-a@-35
437,2022-09-18 05:52:50.500,-81.33333333333333,-32.666666666666664,3.0,anchor-b@ch37,tag-a@-35
438,2022-09-18 05:52:51.000,-79.5,-35.5,2.1666666666666665,anchor-b@ch37,tag-a@-35
439,2022-09-18 05:52:51.500,-78.5,-36.0,2.0,anchor-b@ch37,tag-a@-35
440,2022-09-18 05:52:52.000,-81.0,-34.833333333333336,2.3333333333333335,anchor-b@ch37,tag-a@-35
441,2022-09-18 05:52:52.500,-83.66666666666667,-35.0,1.6666666666666667,anchor-b@ch37,tag-a@-35
442,2022-09-18 05:52:53.000,-80.0,-33.25,2.0,anchor-b@ch37,tag-a@-35
443,2022-09-18 05:52:53.500,-80.4,-33.4,3.0,anchor-b@ch37,tag-a@-35
444,2022-09-18 05:52:54.000,-78.85714285714286,-35.285714285714285,2.2857142857142856,anchor-b@ch37,tag-a@-35
445,2022-09-18 05:52:54.500,-79.0,-35.0,1.0,anchor-b@ch37,tag-a@-35
446,2022-09-18 05:52:55.000,-78.5,-32.5,3.5,anchor-b@ch37,tag-a@-35
447,2022-09-18 05:52:55.500,-79.625,-32.5,2.625,anchor-b@ch37,tag-a@-35
448,2022-09-18 05:52:56.000,-80.0,-34.75,2.0,anchor-b@ch37,tag-a@-35
449,2022-09-18 05:52:56.500,-81.0,-35.0,3.0,anchor-b@ch37,tag-a@-35
450,2022-09-18 05:52:57.000,-81.28571428571429,-33.57142857142857,1.5714285714285714,anchor-b@ch37,tag-a@-35
451,2022-09-18 05:52:57.500,-81.5,-34.0,1.5,anchor-b@ch37,tag-a@-35
452,2022-09-18 05:52:58.000,-81.2,-33.2,2.4,anchor-b@ch37,tag-a@-35
453,2022-09-18 05:52:58.500,-81.75,-35.5,1.75,anchor-b@ch37,tag-a@-35
454,2022-09-18 05:52:59.000,-82.6,-35.0,1.8,anchor-b@ch37,tag-a@-35
455,2022-09-18 05:52:59.500,-81.6,-35.2,1.8,anchor-b@ch37,tag-a@-35
456,2022-09-18 05:53:00.000,-81.8,-35.4,2.6,anchor-b@ch37,tag-a@-35
457,2022-09-18 05:53:00.500,-82.0,-36.142857142857146,3.0,anchor-b@ch37,tag-a@-35
458,2022-09-18 05:53:01.000,-82.0,-37.0,1.4,anchor-b@ch37,tag-a@-35
459,2022-09-18 05:53:01.500,-80.75,-34.25,2.5,anchor-b@ch37,tag-a@-35
460,2022-09-18 05:53:02.000,-82.0,-31.0,3.0,anchor-b@ch37,tag-a@-35
461,2022-09-18 05:53:02.500,-82.75,-28.0,3.0,anchor-b@ch37,tag-a@-35
462,2022-09-18 05:53:03.000,-81.75,-31.75,2.0,anchor-b@ch37,tag-a@-35
463,2022-09-18 05:53:03.500,-83.0,-32.0,2.0,anchor-b@ch37,tag-a@-35
464,2022-09-18 05:53:04.000,-81.8,-35.8,2.0,anchor-b@ch37,tag-a@-35
465,2022-09-18 05:53:04.500,-81.66666666666667,-33.833333333333336,1.0,anchor-b@ch37,tag-a@-35
466,2022-09-18 05:53:05.000,-83.0,-35.2,1.2,anchor-b@ch37,tag-a@-35
467,2022-09-18 05:53:05.500,-83.5,-37.0,1.0,anchor-b@ch37,tag-a@-35
468,2022-09-18 05:53:06.000,-82.66666666666667,-31.666666666666668,1.3333333333333333,anchor-b@ch37,tag-a@-35
469,2022-09-18 05:53:06.500,-82.4,-32.4,2.4,anchor-b@ch37,tag-a@-35
470,2022-09-18 05:53:07.000,-85.2,-32.0,2.0,anchor-b@ch37,tag-a@-35
471,2022-09-18 05:53:07.500,-86.0,-32.0,2.0,anchor-b@ch37,tag-a@-35
472,2022-09-18 05:53:08.000,-84.5,-32.0,2.0,anchor-b@ch37,tag-a@-35
473,2022-09-18 05:53:08.500,-83.4,-35.0,1.4,anchor-b@ch37,tag-a@-35
474,2022-09-18 05:53:09.000,-83.75,-35.0,1.25,anchor-b@ch37,tag-a@-35
475,2022-09-18 05:53:09.500,-83.5,-34.75,2.25,anchor-b@ch37,tag-a@-35
476,2022-09-18 05:53:10.000,-81.66666666666667,-31.333333333333332,3.0,anchor-b@ch37,tag-a@-35
477,2022-09-18 05:53:10.500,-80.75,-28.0,3.0,anchor-b@ch37,tag-a@-35
478,2022-09-18 05:53:11.000,-85.0,-30.666666666666668,3.0,anchor-b@ch37,tag-a@-35
479,2022-09-18 05:53:11.500,-81.25,-25.25,3.0,anchor-b@ch37,tag-a@-35
480,2022-09-18 05:52:12.000,-79.5,-31.833333333333332,2.1666666666666665,anchor-b@ch38,tag-a@-35
481,2022-09-18 05:52:12.500,-78.5,-32.5,2.0,anchor-b@ch38,tag-a@-35
482,2022-09-18 05:52:13.000,-80.0,-32.2,2.2,anchor-b@ch38,tag-a@-35
483,2022-09-18 05:52:13.500,-78.5,-33.0,2.0,anchor-b@ch38,tag-a@-35
484,2022-09-18 05:52:14.000,-81.33333333333333,-34.666666666666664,1.6666666666666667,anchor-b@ch38,tag-a@-35
485,2022-09-18 05:52:14.500,-82.83333333333333,-28.833333333333332,4.166666666666667,anchor-b@ch38,tag-a@-35
486,2022-09-18 05:52:15.000,-78.75,-34.0,3.0,anchor-b@ch38,tag-a@-35
487,2022-09-18 05:52:15.500,-81.125,-35.5,1.125,anchor-b@ch38,tag-a@-35
488,2022-09-18 05:52:16.000,-83.0,-36.666666666666664,1.0,anchor-b@ch38,tag-a@-35
489,2022-09-18 05:52:16.500,-84.25,-37.0,0.0,anchor-b@ch38,tag-a@-35
490,2022-09-18 05:52:17.000,-80.5,-36.0,1.0,anchor-b@ch38,tag-a@-35
491,2022-09-18 05:52:17.500,-78.66666666666667,-35.333333333333336,1.3333333333333333,anchor-b@ch38,tag-a@-35
492,2022-09-18 05:52:18.000,-79.5,-35.5,1.0,anchor-b@ch38,tag-a@-35
493,2022-09-18 05:52:18.500,-78.4,-39.0,1.2,anchor-b@ch38,tag-a@-35
494,2022-09-18 05:52:19.000,-78.83333333333333,-37.666666666666664,2.0,anchor-b@ch38,tag-a@-35
495,2022-09-18 05:52:19.500,,,,anchor-b@ch38,tag-a@-35
496,2022-09-18 05:52:20.000,-79.36363636363636,-32.36363636363637,2.0,anchor-b@ch38,tag-a@-35
497,2022-09-18 05:52:20.500,-79.0,-35.5,1.0,anchor-b@ch38,tag-a@-35
498,2022-09-18 05:52:21.000,-79.5,-29.5,2.5,anchor-b@ch38,tag-a@-35
499,2022-09-18 05:52:21.500,-80.5,-25.5,4.0,anchor-b@ch38,tag-a@-35
500,2022-09-18 05:52:22.000,-79.0,-32.0,2.2,anchor-b@ch38,tag-a@-35
501,2022-09-18 05:52:22.500,-78.2,-34.2,1.8,anchor-b@ch38,tag-a@-35
502,2022-09-18 05:52:23.000,-78.25,-33.5,1.0,anchor-b@ch38,tag-a@-35
503,2022-09-18 05:52:23.500,-77.0,-37.4,0.0,anchor-b@ch38,tag-a@-35
504,2022-09-18 05:52:24.000,-77.0,-34.333333333333336,0.0,anchor-b@ch38,tag-a@-35
505,2022-09-18 05:52:24.500,-77.5,-35.375,1.0,anchor-b@ch38,tag-a@-35
506,2022-09-18 05:52:25.000,-77.8,-37.4,0.4,anchor-b@ch38,tag-a@-35
507,2022-09-18 05:52:25.500,-78.66666666666667,-38.0,0.0,anchor-b@ch38,tag-a@-35
508,2022-09-18 05:52:26.000,-79.66666666666667,-37.666666666666664,0.6666666666666666,anchor-b@ch38,tag-a@-35
509,2022-09-18 05:52:26.500,-78.6,-41.4,0.2,anchor-b@ch38,tag-a@-35
510,2022-09-18 05:52:27.000,-78.0,-34.0,2.0,anchor-b@ch38,tag-a@-35
511,2022-09-18 05:52:27.500,-78.0,-24.0,2.8,anchor-b@ch38,tag-a@-35
512,2022-09-18 05:52:28.000,-77.66666666666667,-33.166666666666664,2.0,anchor-b@ch38,tag-a@-35
513,2022-09-18 05:52:28.500,-79.0,-34.5,2.0,anchor-b@ch38,tag-a@-35
514,2022-09-18 05:52:29.000,-80.25,-34.75,2.0,anchor-b@ch38,tag-a@-35
515,2022-09-18 05:52:29.500,-80.16666666666667,-36.666666666666664,1.8333333333333333,anchor-b@ch38,tag-a@-35
516,2022-09-18 05:52:30.000,-79.25,-36.0,1.5,anchor-b@ch38,tag-a@-35
517,2022-09-18 05:52:30.500,-79.0,-35.5,1.25,anchor-b@ch38,tag-a@-35
518,2022-09-18 05:52:31.000,-78.8,-33.2,3.0,anchor-b@ch38,tag-a@-35
519,2022-09-18 05:52:31.500,-78.375,-31.75,3.75,anchor-b@ch38,tag-a@-35
520,2022-09-18 05:52:32.000,-78.33333333333333,-31.333333333333332,3.0,anchor-b@ch38,tag-a@-35
521,2022-09-18 05:52:32.500,-77.75,-24.5,3.0,anchor-b@ch38,tag-a@-35
522,2022-09-18 05:52:33.000,-78.66666666666667,-32.0,3.0,anchor-b@ch38,tag-a@-35
523,2022-09-18 05:52:33.500,-80.14285714285714,-33.142857142857146,2.2857142857142856,anchor-b@ch38,tag-a@-35
524,2022-09-18 05:52:34.000,-79.4,-34.0,1.8,anchor-b@ch38,tag-a@-35
525,2022-09-18 05:52:34.500,-78.42857142857143,-37.142857142857146,1.4285714285714286,anchor-b@ch38,tag-a@-35
526,2022-09-18 05:52:35.000,-78.66666666666667,-37.333333333333336,1.8333333333333333,anchor-b@ch38,tag-a@-35
527,2022-09-18 05:52:35.500,-79.0,-34.833333333333336,1.5,anchor-b@ch38,tag-a@-35
528,2022-09-18 05:52:36.000,-78.33333333333333,-33.0,2.0,anchor-b@ch38,tag-a@-35
529,2022-09-18 05:52:36.500,-78.75,-34.0,1.25,anchor-b@ch38,tag-a@-35
530,2022-09-18 05:52:37.000,-78.0,-37.4,1.0,anchor-b@ch38,tag-a@-35
531,2022-09-18 05:52:37.500,-78.5,-33.0,2.0,anchor-b@ch38,tag-a@-35
532,2022-09-18 05:52:38.000,-79.0,-28.0,2.3333333333333335,anchor-b@ch38,tag-a@-35
533,2022-09-18 05:52:38.500,-79.0,-33.5,2.6666666666666665,anchor-b@ch38,tag-a@-35
534,2022-09-18 05:52:39.000,-78.5,-33.5,3.0,anchor-b@ch38,tag-a@-35
535,2022-09-18 05:52:39.500,-79.0,-38.0,2.5,anchor-b@ch38,tag-a@-35
536,2022-09-18 05:52:40.000,-79.0,-29.166666666666668,2.0,anchor-b@ch38,tag-a@-35
537,2022-09-18 05:52:40.500,-78.75,-31.125,2.0,anchor-b@ch38,tag-a@-35
538,2022-09-18 05:52:41.000,-78.83333333333333,-33.5,2.0,anchor-b@ch38,tag-a@-35
539,2022-09-18 05:52:41.500,-78.0,-33.4,2.0,anchor-b@ch38,tag-a@-35
540,2022-09-18 05:52:42.000,-77.5,-28.5,2.0,anchor-b@ch38,tag-a@-35
541,2022-09-18 05:52:42.500,-78.0,-38.0,1.0,anchor-b@ch38,tag-a@-35
542,2022-09-18 05:52:43.000,-78.0,-37.57142857142857,1.1428571428571428,anchor-b@ch38,tag-a@-35
543,2022-09-18 05:52:43.500,-78.0,-32.75,2.0,anchor-b@ch38,tag-a@-35
544,2022-09-18 05:52:44.000,-78.5,-31.666666666666668,2.3333333333333335,anchor-b@ch38,tag-a@-35
545,2022-09-18 05:52:44.500,-78.0,-34.25,2.125,anchor-b@ch38,tag-a@-35
546,2022-09-18 05:52:45.000,-79.0,-32.285714285714285,1.8571428571428572,anchor-b@ch38,tag-a@-35
547,2022-09-18 05:52:45.500,-78.5,-32.625,1.75,anchor-b@ch38,tag-a@-35
548,2022-09-18 05:52:46.000,-79.0,-32.5,2.5,anchor-b@ch38,tag-a@-35
549,2022-09-18 05:52:46.500,-78.0,-26.0,3.0,anchor-b@ch38,tag-a@-35
550,2022-09-18 05:52:47.000,-79.0,-32.666666666666664,2.0,anchor-b@ch38,tag-a@-35
551,2022-09-18 05:52:47.500,-78.5,-34.75,1.25,anchor-b@ch38,tag-a@-35
552,2022-09-18 05:52:48.000,-78.5,-35.333333333333336,1.6666666666666667,anchor-b@ch38,tag-a@-35
553,2022-09-18 05:52:48.500,-79.33333333333333,-35.0,1.5,anchor-b@ch38,tag-a@-35
554,2022-09-18 05:52:49.000,-79.4,-35.0,0.0,anchor-b@ch38,tag-a@-35
555,2022-09-18 05:52:49.500,-78.0,-34.5,0.25,anchor-b@ch38,tag-a@-35
556,2022-09-18 05:52:50.000,-79.2,-33.0,1.8,anchor-b@ch38,tag-a@-35
557,2022-09-18 05:52:50.500,-79.25,-32.0,3.0,anchor-b@ch38,tag-a@-35
558,2022-09-18 05:52:51.000,-81.2,-35.0,2.4,anchor-b@ch38,tag-a@-35
559,2022-09-18 05:52:51.500,-80.0,-36.0,2.0,anchor-b@ch38,tag-a@-35
560,2022-09-18 05:52:52.000,-79.33333333333333,-35.0,2.3333333333333335,anchor-b@ch38,tag-a@-35
561,2022-09-18 05:52:52.500,-79.5,-34.5,1.75,anchor-b@ch38,tag-a@-35
562,2022-09-18 05:52:53.000,-80.33333333333333,-34.0,2.0,anchor-b@ch38,tag-a@-35
563,2022-09-18 05:52:53.500,-81.0,-33.0,3.0,anchor-b@ch38,tag-a@-35
564,2022-09-18 05:52:54.000,-82.66666666666667,-35.0,2.0,anchor-b@ch38,tag-a@-35
565,2022-09-18 05:52:54.500,-81.2,-34.2,2.0,anchor-b@ch38,tag-a@-35
566,2022-09-18 05:52:55.000,-77.66666666666667,-32.333333333333336,3.6666666666666665,anchor-b@ch38,tag-a@-35
567,2022-09-18 05:52:55.500,-78.0,-32.25,2.75,anchor-b@ch38,tag-a@-35
568,2022-09-18 05:52:56.000,-78.5,-35.0,2.25,anchor-b@ch38,tag-a@-35
569,2022-09-18 05:52:56.500,-78.0,-34.6,3.0,anchor-b@ch38,tag-a@-35
570,2022-09-18 05:52:57.000,-77.83333333333333,-32.833333333333336,1.6666666666666667,anchor-b@ch38,tag-a@-35
571,2022-09-18 05:52:57.500,-79.42857142857143,-33.57142857142857,2.142857142857143,anchor-b@ch38,tag-a@-35
572,2022-09-18 05:52:58.000,-78.625,-33.375,2.875,anchor-b@ch38,tag-a@-35
573,2022-09-18 05:52:58.500,-77.83333333333333,-35.5,1.5,anchor-b@ch38,tag-a@-35
574,2022-09-18 05:52:59.000,-79.2,-35.4,2.0,anchor-b@ch38,tag-a@-35
575,2022-09-18 05:52:59.500,-77.8,-35.0,2.0,anchor-b@ch38,tag-a@-35
576,2022-09-18 05:53:00.000,-78.8,-35.2,2.8,anchor-b@ch38,tag-a@-35
577,2022-09-18 05:53:00.500,-79.0,-36.0,3.0,anchor-b@ch38,tag-a@-35
578,2022-09-18 05:53:01.000,-77.25,-37.0,1.0,anchor-b@ch38,tag-a@-35
579,2022-09-18 05:53:01.500,-77.71428571428571,-34.0,2.4285714285714284,anchor-b@ch38,tag-a@-35
580,2022-09-18 05:53:02.000,-77.75,-27.5,3.0,anchor-b@ch38,tag-a@-35
581,2022-09-18 05:53:02.500,-76.25,-29.75,3.0,anchor-b@ch38,tag-a@-35
582,2022-09-18 05:53:03.000,-76.16666666666667,-31.333333333333332,2.6666666666666665,anchor-b@ch38,tag-a@-35
583,2022-09-18 05:53:03.500,-75.0,-32.285714285714285,2.0,anchor-b@ch38,tag-a@-35
584,2022-09-18 05:53:04.000,-76.6,-35.4,2.0,anchor-b@ch38,tag-a@-35
585,2022-09-18 05:53:04.500,-75.0,-34.0,1.0,anchor-b@ch38,tag-a@-35
586,2022-09-18 05:53:05.000,-75.33333333333333,-34.5,1.0,anchor-b@ch38,tag-a@-35
587,2022-09-18 05:53:05.500,-87.0,-37.0,2.0,anchor-b@ch38,tag-a@-35
588,2022-09-18 05:53:06.000,-76.83333333333333,-33.5,1.8333333333333333,anchor-b@ch38,tag-a@-35
589,2022-09-18 05:53:06.500,-76.8,-32.1,2.1,anchor-b@ch38,tag-a@-35
590,2022-09-18 05:53:07.000,-76.25,-32.0,2.0,anchor-b@ch38,tag-a@-35
591,2022-09-18 05:53:07.500,-79.66666666666667,-32.0,2.0,anchor-b@ch38,tag-a@-35
592,2022-09-18 05:53:08.000,-76.4,-32.8,2.0,anchor-b@ch38,tag-a@-35
593,2022-09-18 05:53:08.500,-75.75,-34.5,1.625,anchor-b@ch38,tag-a@-35
594,2022-09-18 05:53:09.000,-73.75,-35.5,1.0,anchor-b@ch38,tag-a@-35
595,2022-09-18 05:53:09.500,-77.0,-34.285714285714285,2.4285714285714284,anchor-b@ch38,tag-a@-35
596,2022-09-18 05:53:10.000,-75.0,-27.0,3.0,anchor-b@ch38,tag-a@-35
597,2022-09-18 05:53:10.500,-76.5,-27.75,3.0,anchor-b@ch38,tag-a@-35
598,2022-09-18 05:53:11.000,-80.75,-29.5,3.0,anchor-b@ch38,tag-a@-35
599,2022-09-18 05:53:11.500,-76.5,-27.5,3.0,anchor-b@ch38,tag-a@-35
600,2022-09-18 05:52:12.000,-83.66666666666667,-32.0,2.0,anchor-b@ch39,tag-a@-35
601,2022-09-18 05:52:12.500,-86.0,-32.5,1.75,anchor-b@ch39,tag-a@-35
602,2022-09-18 05:52:13.000,,,,anchor-b@ch39,tag-a@-35
603,2022-09-18 05:52:13.500,-85.5,-33.0,2.0,anchor-b@ch39,tag-a@-35
604,2022-09-18 05:52:14.000,-81.16666666666667,-34.0,1.5,anchor-b@ch39,tag-a@-35
605,2022-09-18 05:52:14.500,-78.44444444444444,-29.333333333333332,3.888888888888889,anchor-b@ch39,tag-a@-35
606,2022-09-18 05:52:15.000,-78.33333333333333,-29.666666666666668,5.0,anchor-b@ch39,tag-a@-35
607,2022-09-18 05:52:15.500,-85.0,-35.0,1.5,anchor-b@ch39,tag-a@-35
608,2022-09-18 05:52:16.000,,,,anchor-b@ch39,tag-a@-35
609,2022-09-18 05:52:16.500,-77.0,-37.0,1.0,anchor-b@ch39,tag-a@-35
610,2022-09-18 05:52:17.000,-82.2,-36.6,1.0,anchor-b@ch39,tag-a@-35
611,2022-09-18 05:52:17.500,-80.75,-35.25,1.25,anchor-b@ch39,tag-a@-35
612,2022-09-18 05:52:18.000,-87.0,-36.0,1.0,anchor-b@ch39,tag-a@-35
613,2022-09-18 05:52:18.500,-81.0,-39.0,1.0,anchor-b@ch39,tag-a@-35
614,2022-09-18 05:52:19.000,-82.0,-37.125,2.0,anchor-b@ch39,tag-a@-35
615,2022-09-18 05:52:19.500,-82.75,-29.5,2.625,anchor-b@ch39,tag-a@-35
616,2022-09-18 05:52:20.000,-80.75,-29.5,2.0,anchor-b@ch39,tag-a@-35
617,2022-09-18 05:52:20.500,-79.28571428571429,-35.42857142857143,1.1428571428571428,anchor-b@ch39,tag-a@-35
618,2022-09-18 05:52:21.000,-81.63636363636364,-30.09090909090909,1.7272727272727273,anchor-b@ch39,tag-a@-35
619,2022-09-18 05:52:21.500,-83.42857142857143,-26.0,4.0,anchor-b@ch39,tag-a@-35
620,2022-09-18 05:52:22.000,-82.0,-31.0,2.6,anchor-b@ch39,tag-a@-35
621,2022-09-18 05:52:22.500,-81.875,-34.0,1.875,anchor-b@ch39,tag-a@-35
622,2022-09-18 05:52:23.000,-82.33333333333333,-34.0,1.0,anchor-b@ch39,tag-a@-35
623,2022-09-18 05:52:23.500,-84.0,-34.333333333333336,0.0,anchor-b@ch39,tag-a@-35
624,2022-09-18 05:52:24.000,-84.25,-34.0,0.25,anchor-b@ch39,tag-a@-35
625,2022-09-18 05:52:24.500,-82.33333333333333,-35.666666666666664,1.0,anchor-b@ch39,tag-a@-35
626,2022-09-18 05:52:25.000,-80.33333333333333,-37.666666666666664,0.3333333333333333,anchor-b@ch39,tag-a@-35
627,2022-09-18 05:52:25.500,-80.28571428571429,-37.57142857142857,0.14285714285714285,anchor-b@ch39,tag-a@-35
628,2022-09-18 05:52:26.000,-78.5,-41.0,0.0,anchor-b@ch39,tag-a@-35
629,2022-09-18 05:52:26.500,-78.85714285714286,-41.57142857142857,0.14285714285714285,anchor-b@ch39,tag-a@-35
630,2022-09-18 05:52:27.000,-80.0,-33.666666666666664,1.6666666666666667,anchor-b@ch39,tag-a@-35
631,2022-09-18 05:52:27.500,-81.85714285714286,-23.142857142857142,2.857142857142857,anchor-b@ch39,tag-a@-35
632,2022-09-18 05:52:28.000,-79.6,-33.6,2.2,anchor-b@ch39,tag-a@-35
633,2022-09-18 05:52:28.500,-78.0,-34.0,2.0,anchor-b@ch39,tag-a@-35
634,2022-09-18 05:52:29.000,-81.0,-34.833333333333336,2.0,anchor-b@ch39,tag-a@-35
635,2022-09-18 05:52:29.500,-79.5,-35.0,2.0,anchor-b@ch39,tag-a@-35
636,2022-09-18 05:52:30.000,-78.0,-35.0,2.0,anchor-b@ch39,tag-a@-35
637,2022-09-18 05:52:30.500,-77.85714285714286,-35.857142857142854,1.2857142857142858,anchor-b@ch39,tag-a@-35
638,2022-09-18 05:52:31.000,-78.4,-33.2,2.6,anchor-b@ch39,tag-a@-35
639,2022-09-18 05:52:31.500,-77.6,-31.8,3.8,anchor-b@ch39,tag-a@-35
640,2022-09-18 05:52:32.000,-78.8,-31.2,3.0,anchor-b@ch39,tag-a@-35
641,2022-09-18 05:52:32.500,-80.55555555555556,-25.88888888888889,3.4444444444444446,anchor-b@ch39,tag-a@-35
642,2022-09-18 05:52:33.000,-79.75,-31.0,3.0,anchor-b@ch39,tag-a@-35
643,2022-09-18 05:52:33.500,-78.0,-32.25,2.75,anchor-b@ch39,tag-a@-35
644,2022-09-18 05:52:34.000,-77.0,-34.0,1.75,anchor-b@ch39,tag-a@-35
645,2022-09-18 05:52:34.500,-77.0,-37.5,1.5,anchor-b@ch39,tag-a@-35
646,2022-09-18 05:52:35.000,-78.16666666666667,-37.0,2.0,anchor-b@ch39,tag-a@-35
647,2022-09-18 05:52:35.500,-79.0,-33.75,1.0,anchor-b@ch39,tag-a@-35
648,2022-09-18 05:52:36.000,-79.66666666666667,-33.0,1.1666666666666667,anchor-b@ch39,tag-a@-35
649,2022-09-18 05:52:36.500,-78.25,-33.25,1.25,anchor-b@ch39,tag-a@-35
650,2022-09-18 05:52:37.000,-78.2,-36.2,1.4,anchor-b@ch39,tag-a@-35
651,2022-09-18 05:52:37.500,-76.875,-33.375,2.25,anchor-b@ch39,tag-a@-35
652,2022-09-18 05:52:38.000,-76.33333333333333,-28.833333333333332,2.6666666666666665,anchor-b@ch39,tag-a@-35
653,2022-09-18 05:52:38.500,-77.6,-33.6,2.6,anchor-b@ch39,tag-a@-35
654,2022-09-18 05:52:39.000,-77.0,-34.0,3.0,anchor-b@ch39,tag-a@-35
655,2022-09-18 05:52:39.500,-76.71428571428571,-36.714285714285715,2.142857142857143,anchor-b@ch39,tag-a@-35
656,2022-09-18 05:52:40.000,-76.5,-29.25,2.0,anchor-b@ch39,tag-a@-35
657,2022-09-18 05:52:40.500,-77.25,-31.0,2.0,anchor-b@ch39,tag-a@-35
658,2022-09-18 05:52:41.000,-77.2,-33.4,2.0,anchor-b@ch39,tag-a@-35
659,2022-09-18 05:52:41.500,-78.66666666666667,-33.5,2.0,anchor-b@ch39,tag-a@-35
660,2022-09-18 05:52:42.000,-78.88888888888889,-30.333333333333332,2.0,anchor-b@ch39,tag-a@-35
661,2022-09-18 05:52:42.500,-79.0,-25.0,2.0,anchor-b@ch39,tag-a@-35
662,2022-09-18 05:52:43.000,-78.83333333333333,-36.666666666666664,1.5,anchor-b@ch39,tag-a@-35
663,2022-09-18 05:52:43.500,-78.75,-32.0,2.375,anchor-b@ch39,tag-a@-35
664,2022-09-18 05:52:44.000,-78.2,-30.2,2.2,anchor-b@ch39,tag-a@-35
665,2022-09-18 05:52:44.500,-79.33333333333333,-34.166666666666664,2.0,anchor-b@ch39,tag-a@-35
666,2022-09-18 05:52:45.000,-79.5,-32.25,2.0,anchor-b@ch39,tag-a@-35
667,2022-09-18 05:52:45.500,-78.0,-32.666666666666664,1.8333333333333333,anchor-b@ch39,tag-a@-35
668,2022-09-18 05:52:46.000,-77.75,-32.5,2.25,anchor-b@ch39,tag-a@-35
669,2022-09-18 05:52:46.500,-76.0,-29.0,2.8,anchor-b@ch39,tag-a@-35
670,2022-09-18 05:52:47.000,-75.0,-32.75,2.0,anchor-b@ch39,tag-a@-35
671,2022-09-18 05:52:47.500,-76.75,-35.0,1.5,anchor-b@ch39,tag-a@-35
672,2022-09-18 05:52:48.000,-78.0,-35.0,1.6666666666666667,anchor-b@ch39,tag-a@-35
673,2022-09-18 05:52:48.500,-77.33333333333333,-35.0,1.0,anchor-b@ch39,tag-a@-35
674,2022-09-18 05:52:49.000,-78.0,-35.0,0.0,anchor-b@ch39,tag-a@-35
675,2022-09-18 05:52:49.500,-78.75,-34.5,0.5,anchor-b@ch39,tag-a@-35
676,2022-09-18 05:52:50.000,-80.25,-33.0,1.75,anchor-b@ch39,tag-a@-35
677,2022-09-18 05:52:50.500,-80.25,-32.25,2.75,anchor-b@ch39,tag-a@-35
678,2022-09-18 05:52:51.000,-78.71428571428571,-35.0,2.2857142857142856,anchor-b@ch39,tag-a@-35
679,2022-09-18 05:52:51.500,-78.5,-36.0,2.0,anchor-b@ch39,tag-a@-35
680,2022-09-18 05:52:52.000,-80.66666666666667,-34.666666666666664,2.6666666666666665,anchor-b@ch39,tag-a@-35
681,2022-09-18 05:52:52.500,-79.0,-34.5,2.0,anchor-b@ch39,tag-a@-35
682,2022-09-18 05:52:53.000,-79.0,-33.8,2.0,anchor-b@ch39,tag-a@-35
683,2022-09-18 05:52:53.500,-79.0,-33.0,2.7142857142857144,anchor-b@ch39,tag-a@-35
684,2022-09-18 05:52:54.000,-76.5,-34.0,2.5,anchor-b@ch39,tag-a@-35
685,2022-09-18 05:52:54.500,-82.75,-34.0,1.75,anchor-b@ch39,tag-a@-35
686,2022-09-18 05:52:55.000,-83.5,-32.75,3.0,anchor-b@ch39,tag-a@-35
687,2022-09-18 05:52:55.500,-79.83333333333333,-31.333333333333332,3.0,anchor-b@ch39,tag-a@-35
688,2022-09-18 05:52:56.000,-77.0,-33.25,2.0,anchor-b@ch39,tag-a@-35
689,2022-09-18 05:52:56.500,-80.14285714285714,-33.57142857142857,3.0,anchor-b@ch39,tag-a@-35
690,2022-09-18 05:52:57.000,-76.0,-33.25,1.75,anchor-b@ch39,tag-a@-35
691,2022-09-18 05:52:57.500,-75.5,-33.25,2.0,anchor-b@ch39,tag-a@-35
692,2022-09-18 05:52:58.000,-74.5,-33.0,2.5,anchor-b@ch39,tag-a@-35
693,2022-09-18 05:52:58.500,-76.4,-35.2,2.6,anchor-b@ch39,tag-a@-35
694,2022-09-18 05:52:59.000,-76.2,-35.2,2.0,anchor-b@ch39,tag-a@-35
695,2022-09-18 05:52:59.500,-77.0,-35.0,1.6,anchor-b@ch39,tag-a@-35
696,2022-09-18 05:53:00.000,-76.5,-34.75,2.25,anchor-b@ch39,tag-a@-35
697,2022-09-18 05:53:00.500,-77.66666666666667,-36.0,3.0,anchor-b@ch39,tag-a@-35
698,2022-09-18 05:53:01.000,-75.28571428571429,-36.714285714285715,1.4285714285714286,anchor-b@ch39,tag-a@-35
699,2022-09-18 05:53:01.500,-76.75,-33.375,2.875,anchor-b@ch39,tag-a@-35
700,2022-09-18 05:53:02.000,-76.875,-27.375,3.0,anchor-b@ch39,tag-a@-35
701,2022-09-18 05:53:02.500,-76.6,-26.8,3.0,anchor-b@ch39,tag-a@-35
702,2022-09-18 05:53:03.000,-76.83333333333333,-30.333333333333332,2.6666666666666665,anchor-b@ch39,tag-a@-35
703,2022-09-18 05:53:03.500,-74.66666666666667,-32.333333333333336,2.0,anchor-b@ch39,tag-a@-35
704,2022-09-18 05:53:04.000,-75.66666666666667,-35.0,2.0,anchor-b@ch39,tag-a@-35
705,2022-09-18 05:53:04.500,-77.4,-33.3,1.5,anchor-b@ch39,tag-a@-35
706,2022-09-18 05:53:05.000,-76.33333333333333,-35.0,1.6666666666666667,anchor-b@ch39,tag-a@-35
707,2022-09-18 05:53:05.500,-81.6,-36.4,1.6,anchor-b@ch39,tag-a@-35
708,2022-09-18 05:53:06.000,-78.0,-33.285714285714285,1.8571428571428572,anchor-b@ch39,tag-a@-35
709,2022-09-18 05:53:06.500,-76.8,-31.8,2.4,anchor-b@ch39,tag-a@-35
710,2022-09-18 05:53:07.000,-76.6,-32.0,2.0,anchor-b@ch39,tag-a@-35
711,2022-09-18 05:53:07.500,-77.0,-32.0,2.0,anchor-b@ch39,tag-a@-35
712,2022-09-18 05:53:08.000,-75.25,-32.0,2.0,anchor-b@ch39,tag-a@-35
713,2022-09-18 05:53:08.500,-74.0,-32.666666666666664,1.6666666666666667,anchor-b@ch39,tag-a@-35
714,2022-09-18 05:53:09.000,-76.16666666666667,-34.833333333333336,1.1666666666666667,anchor-b@ch39,tag-a@-35
715,2022-09-18 05:53:09.500,-80.0,-33.5,2.8333333333333335,anchor-b@ch39,tag-a@-35
716,2022-09-18 05:53:10.000,-76.88888888888889,-29.22222222222222,3.2222222222222223,anchor-b@ch39,tag-a@-35
717,2022-09-18 05:53:10.500,-80.57142857142857,-27.714285714285715,3.0,anchor-b@ch39,tag-a@-35
718,2022-09-18 05:53:11.000,-76.0,-29.285714285714285,3.0,anchor-b@ch39,tag-a@-35
719,2022-09-18 05:53:11.500,-77.57142857142857,-25.285714285714285,3.0,anchor-b@ch39,tag-a@-35
